INSERT INTO WAREHOUSES(CEP,NAME) VALUES('06016-040', 'CENTRO DE DISTRIBUIÇÃO OSASCO');
INSERT INTO WAREHOUSES(CEP,NAME) VALUES('05588-001', 'CENTRO DE DISTRIBUIÇÃ JD.ESMERALDA');

INSERT INTO AGENTS(NAME, WAREHOUSE_ID) VALUES ('Lucca', 1);
INSERT INTO AGENTS(NAME, WAREHOUSE_ID) VALUES ('Joao', 2);

INSERT INTO SECTIONS(CATEGORY) VALUES ('REFRIGERADO');
INSERT INTO SECTIONS(CATEGORY) VALUES ('CONGELADO');
INSERT INTO SECTIONS(CATEGORY) VALUES ('FRESCO');

INSERT INTO WAREHOUSES_SECTIONS (SIZE, TOTAL_PRODUCTS, SECTION_ID, WAREHOUSE_ID) VALUES(100,0,1,1);
INSERT INTO WAREHOUSES_SECTIONS (SIZE, TOTAL_PRODUCTS, SECTION_ID, WAREHOUSE_ID) VALUES(100,0,2,1);
INSERT INTO WAREHOUSES_SECTIONS (SIZE, TOTAL_PRODUCTS, SECTION_ID, WAREHOUSE_ID) VALUES(100,0,3,1);
INSERT INTO WAREHOUSES_SECTIONS (SIZE, TOTAL_PRODUCTS, SECTION_ID, WAREHOUSE_ID) VALUES(100,0,1,2);
INSERT INTO WAREHOUSES_SECTIONS (SIZE, TOTAL_PRODUCTS, SECTION_ID, WAREHOUSE_ID) VALUES(100,0,2,2);
INSERT INTO WAREHOUSES_SECTIONS (SIZE, TOTAL_PRODUCTS, SECTION_ID, WAREHOUSE_ID) VALUES(100,0,3,2);

INSERT INTO SELLER (NAME) VALUES ('PERDIGAO');

INSERT INTO WAREHOUSE_SELLERS (SELLER_ID, WAREHOUSE_ID) VALUES (1,1);
INSERT INTO WAREHOUSE_SELLERS (SELLER_ID, WAREHOUSE_ID) VALUES (1,2);

INSERT INTO BATCHES(BATCH_NUMBER,SECTION_ID,SELLER_ID,WAREHOUSE_ID)VALUES (11111,1,1,1);
INSERT INTO BATCHES(BATCH_NUMBER,SECTION_ID,SELLER_ID,WAREHOUSE_ID)VALUES (22222,2,1,1);
INSERT INTO BATCHES(BATCH_NUMBER,SECTION_ID,SELLER_ID,WAREHOUSE_ID)VALUES (33333,3,1,1);
INSERT INTO BATCHES(BATCH_NUMBER,SECTION_ID,SELLER_ID,WAREHOUSE_ID)VALUES (44444,1,1,2);
INSERT INTO BATCHES(BATCH_NUMBER,SECTION_ID,SELLER_ID,WAREHOUSE_ID)VALUES (55555,2,1,2);
INSERT INTO BATCHES(BATCH_NUMBER,SECTION_ID,SELLER_ID,WAREHOUSE_ID)VALUES (66666,3,1,2);

INSERT INTO PRODUCTS (CATEGORY,CURRENT_TEMPERATURE,DUE_DATE,MINIMAL_TEMPERATURE,NAME,PRICE,QUANTITY,BATCH_ID) VALUES ('CONGELADO',-10,'2023-05-22',0,'SALSICHA', 20.00,10,1);
INSERT INTO PRODUCTS (CATEGORY,CURRENT_TEMPERATURE,DUE_DATE,MINIMAL_TEMPERATURE,NAME,PRICE,QUANTITY,BATCH_ID) VALUES ('FRESCO',-10,'2022-02-10',0,'MANTEIGA',7.00,8,1);
INSERT INTO PRODUCTS (CATEGORY,CURRENT_TEMPERATURE,DUE_DATE,MINIMAL_TEMPERATURE,NAME,PRICE,QUANTITY,BATCH_ID) VALUES ('REFRIGERADO',-10,'2022-03-05',0,'PRESUNTO',40.00,10,2);
INSERT INTO PRODUCTS (CATEGORY,CURRENT_TEMPERATURE,DUE_DATE,MINIMAL_TEMPERATURE,NAME,PRICE,QUANTITY,BATCH_ID) VALUES ('CONGELADO',-10,'2022-10-22',0,'PEIXE',20.00,10,2);
INSERT INTO PRODUCTS (CATEGORY,CURRENT_TEMPERATURE,DUE_DATE,MINIMAL_TEMPERATURE,NAME,PRICE,QUANTITY,BATCH_ID) VALUES ('FRESCO',-10,'2022-03-01',0,'PERA',7.00,8,3);
INSERT INTO PRODUCTS (CATEGORY,CURRENT_TEMPERATURE,DUE_DATE,MINIMAL_TEMPERATURE,NAME,PRICE,QUANTITY,BATCH_ID) VALUES ('REFRIGERADO',-10,'2022-07-10',0,'SALAME',40.00,10,3);
INSERT INTO PRODUCTS (CATEGORY,CURRENT_TEMPERATURE,DUE_DATE,MINIMAL_TEMPERATURE,NAME,PRICE,QUANTITY,BATCH_ID) VALUES ('CONGELADO',-10,'2022-12-25',0,'LINGUICA',20.00,10,4);
INSERT INTO PRODUCTS (CATEGORY,CURRENT_TEMPERATURE,DUE_DATE,MINIMAL_TEMPERATURE,NAME,PRICE,QUANTITY,BATCH_ID) VALUES ('FRESCO',-10,'2022-02-22',0,'MACA',7.00,8,4);
INSERT INTO PRODUCTS (CATEGORY,CURRENT_TEMPERATURE,DUE_DATE,MINIMAL_TEMPERATURE,NAME,PRICE,QUANTITY,BATCH_ID) VALUES ('REFRIGERADO',-10,'2017-01-22',0,'PRESUNTO',40.00,10,5);
INSERT INTO PRODUCTS (CATEGORY,CURRENT_TEMPERATURE,DUE_DATE,MINIMAL_TEMPERATURE,NAME,PRICE,QUANTITY,BATCH_ID) VALUES ('CONGELADO',-10,'2017-01-22',0,'SALSICHA',20.00,10,5);
INSERT INTO PRODUCTS (CATEGORY,CURRENT_TEMPERATURE,DUE_DATE,MINIMAL_TEMPERATURE,NAME,PRICE,QUANTITY,BATCH_ID) VALUES ('FRESCO',-10,'2021-07-22',0,'MANTEIGA',7.00,8,6);
INSERT INTO PRODUCTS (CATEGORY,CURRENT_TEMPERATURE,DUE_DATE,MINIMAL_TEMPERATURE,NAME,PRICE,QUANTITY,BATCH_ID) VALUES ('REFRIGERADO',-10,'2021-07-22',0,'PRESUNTO',40.00,10,6);